matcher_kind	matcher	target_id	source
domain	cdninstagram.com	instagram/cdn	curated
domain	facebook.com	facebook/website	curated
domain	fbcdn.net	facebook/cdn	curated
domain	fbsbx.com	facebook/cdn	curated
domain	ggpht.com	google/media_cdn	curated
domain	github.com	github/website	curated
domain	githubusercontent.com	github/user_content	curated
domain	google.com	google/website	curated
domain	googleapis.com	google/api	curated
domain	googleusercontent.com	google/user_content	curated
domain	googlevideo.com	youtube/video_cdn	curated
domain	gstatic.com	google/static_cdn	curated
domain	instagram.com	instagram/website	curated
domain	messenger.com	facebook_messenger/website	curated
domain	proton.me	proton/website	curated
domain	protonmail.com	proton/website	curated
domain	redd.it	reddit/shortener	curated
domain	reddit.com	reddit/website	curated
domain	redditstatic.com	reddit/static_cdn	curated
domain	signal.org	signal/website	curated
domain	t.co	twitter/shortener	curated
domain	t.me	telegram/links	curated
domain	telegram.me	telegram/links	curated
domain	telegram.org	telegram/website	curated
domain	tiktok.com	tiktok/website	curated
domain	tiktokcdn.com	tiktok/cdn	curated
domain	torproject.org	tor/website	curated
domain	translate.goog	google/translate_proxy	curated
domain	twimg.com	twitter/cdn	curated
domain	twitter.com	twitter/website	curated
domain	wa.me	whatsapp/shortener	curated
domain	whatsapp.com	whatsapp/website	curated
domain	whatsapp.net	whatsapp/media_cdn	curated
domain	whispersystems.org	signal/website	curated
domain	wikimedia.org	wikimedia/website	curated
domain	wikipedia.org	wikipedia/website	curated
domain	x.com	twitter/website	curated
domain	youtu.be	youtube/shortener	curated
domain	youtube.com	youtube/website	curated
domain	ytimg.com	youtube/static_cdn	curated
exact	api.directory.signal.org	signal/directory	nettest
exact	b-api.facebook.com	facebook_messenger/b_api	nettest
exact	b-graph.facebook.com	facebook_messenger/b_graph	nettest
exact	cdsi.signal.org	signal/directory	nettest
exact	chat.signal.org	signal/chat	nettest
exact	cloudflare-dns.com	cloudflare_dns/standard	curated
exact	dns-unfiltered.adguard.com	adguard_dns/resolver	curated
exact	dns.adguard-dns.com	adguard_dns/resolver	curated
exact	dns.adguard.com	adguard_dns/resolver	curated
exact	dns.google	google_dns/resolver	curated
exact	dns.google.com	google_dns/resolver	curated
exact	dns.quad9.net	quad9/resolver	curated
exact	dns10.quad9.net	quad9/resolver	curated
exact	dns11.quad9.net	quad9/resolver	curated
exact	dns9.quad9.net	quad9/resolver	curated
exact	doh.familyshield.opendns.com	opendns/resolver	curated
exact	doh.opendns.com	opendns/resolver	curated
exact	edge-mqtt.facebook.com	facebook_messenger/edge	nettest
exact	external.xx.fbcdn.net	facebook_messenger/external_cdn	nettest
exact	family.cloudflare-dns.com	cloudflare_dns/family	curated
exact	mozilla.cloudflare-dns.com	cloudflare_dns/mozilla	curated
exact	one.one.one.one	cloudflare_dns/standard	curated
exact	scontent.xx.fbcdn.net	facebook_messenger/scontent_cdn	nettest
exact	security.cloudflare-dns.com	cloudflare_dns/family	curated
exact	sfu.voip.signal.org	signal/sfu	nettest
exact	star.c10r.facebook.com	facebook_messenger/star	nettest
exact	storage.signal.org	signal/storage	nettest
exact	stun.fbsbx.com	facebook_messenger/stun	nettest
exact	textsecure-service.whispersystems.org	signal/chat	nettest
exact	uptime.signal.org	signal/uptime	nettest
exact	use-application-dns.net	mozilla/doh_canary	curated
exact	v.whatsapp.net	whatsapp/registration	nettest
exact	web.telegram.org	telegram/web	nettest
exact	web.whatsapp.com	whatsapp/web	nettest
ip	1.0.0.1	cloudflare_dns/standard	curated
ip	1.0.0.2	cloudflare_dns/family	curated
ip	1.0.0.3	cloudflare_dns/family	curated
ip	1.1.1.1	cloudflare_dns/standard	curated
ip	1.1.1.2	cloudflare_dns/family	curated
ip	1.1.1.3	cloudflare_dns/family	curated
ip	149.112.112.10	quad9/resolver	curated
ip	149.112.112.11	quad9/resolver	curated
ip	149.112.112.112	quad9/resolver	curated
ip	149.112.112.9	quad9/resolver	curated
ip	208.67.220.220	opendns/resolver	curated
ip	208.67.222.222	opendns/resolver	curated
ip	8.8.4.4	google_dns/resolver	curated
ip	8.8.8.8	google_dns/resolver	curated
ip	9.9.9.10	quad9/resolver	curated
ip	9.9.9.11	quad9/resolver	curated
ip	9.9.9.9	quad9/resolver	curated
ip	94.140.14.14	adguard_dns/resolver	curated
ip	94.140.15.15	adguard_dns/resolver	curated
pattern	^cdn\d*\.signal\.org$	signal/cdn	nettest
pattern	^e\d+\.whatsapp\.net$	whatsapp/endpoints	nettest
