target_id	service	role	combination_rule	category_code	description	source	n_hostnames
100webspace.com			any_of	HOST		citizenlab	1
1337x.st	1337x		any_of	FILE		citizenlab	1
1337x.to	1337x		any_of	FILE		citizenlab	1
1800respect.org.au			any_of	XED		citizenlab	1
1tv.ru			any_of	NEWS		citizenlab	1
2600.com			any_of	HACK		citizenlab	1
2shared.com			any_of	FILE		citizenlab	1
350.org			any_of	ENV		citizenlab	1
3wishes.com			any_of	PROV		citizenlab	1
4chan.org			any_of	GRP		citizenlab	1
4genderjustice.org			any_of	HUMR		citizenlab	1
4online-gambling.com			any_of	GMB		citizenlab	1
4shared.com			any_of	FILE		citizenlab	1
76crimes.com			any_of	LGBT		citizenlab	1
888casino.com			any_of	GMB		citizenlab	1
8kun.top			any_of	HOST		citizenlab	1
911memorial.org			any_of	CULTR		citizenlab	1
911truth.org			any_of	CULTR		citizenlab	1
9gag.com			any_of	GRP		citizenlab	1
abcunderwear.com			any_of	PROV		citizenlab	1
abortion.eu			any_of	XED		citizenlab	1
abortionfunds.org			any_of	XED		citizenlab	1
abortionnetwork.amsterdam			any_of	XED		citizenlab	1
abortionno.org			any_of	XED		citizenlab	1
abortionpillinfo.org			any_of	XED		citizenlab	1
abortoinfosegura.com			any_of	XED		citizenlab	1
absinth.com			any_of	ALDR		citizenlab	1
absolut.com			any_of	ALDR		citizenlab	1
accessnow.org	accessnow		any_of	HUMR		citizenlab	1
acm.org			any_of	MMED		citizenlab	1
acquisitionx.com			any_of	FILE		citizenlab	1
actionaid.org			any_of	HUMR		citizenlab	1
adguard_dns/resolver	adguard_dns	resolver	any_of	HOST	AdGuard public DNS resolver.	curated	1
adium.im	adium		any_of	GRP		citizenlab	1
adl.org			any_of	REL		citizenlab	1
adultfriendfinder.com			any_of	DATE		citizenlab	1
adventist.org			any_of	REL		citizenlab	1
advocate.com			any_of	NEWS		citizenlab	1
advocatesforyouth.org			any_of	XED		citizenlab	1
af.mil			any_of	GOVT		citizenlab	2
afp.com			any_of	NEWS		citizenlab	1
afraid.org			any_of	HOST		citizenlab	1
afterellen.com			any_of	LGBT		citizenlab	1
agentprovocateur.com			any_of	PROV		citizenlab	1
ahram.org.eg			any_of	NEWS		citizenlab	1
aidaccess.org			any_of	XED		citizenlab	1
akdn.org			any_of	ECON		citizenlab	1
alarabiya.net			any_of	NEWS		citizenlab	1
alignpay.com			any_of	COMM		citizenlab	1
aljazeera.com			any_of	NEWS		citizenlab	1
aljazeera.net			any_of	NEWS		citizenlab	1
allout.org			any_of	LGBT		citizenlab	1
allthefallen.moe			any_of	LGBT		citizenlab	1
almanar.com.lb			any_of	NEWS		citizenlab	1
alqassam.ps			any_of	MILX		citizenlab	1
alt.com			any_of	PORN		citizenlab	1
amazon.com			any_of	COMM		citizenlab	1
americannaziparty.com			any_of	HATE		citizenlab	1
amnesty.org	amnesty		any_of	HUMR		citizenlab	1
amnestyusa.org			any_of	HUMR		citizenlab	1
amphetamines.com			any_of	ALDR		citizenlab	1
ampproject.org			any_of	HOST		citizenlab	1
ananzi.co.za			any_of	SRCH		citizenlab	1
android.com			any_of	CTRL		citizenlab	1
anglicancommunion.org			any_of	REL		citizenlab	1
anonymizer.ru			any_of	ANON		citizenlab	1
anonymouse.org			any_of	ANON		citizenlab	1
anonymsurfen.com			any_of	ANON		citizenlab	1
antivigilancia.org			any_of	HUMR		citizenlab	1
aol.com			any_of	SRCH		citizenlab	1
apple.com	apple		any_of	HOST		citizenlab	2
apt.ch			any_of	HUMR		citizenlab	1
arabnews.com			any_of	NEWS		citizenlab	1
arc-international.net			any_of	LGBT		citizenlab	1
arcgis.com			any_of	PUBH		citizenlab	4
archive.is			any_of	HOST		citizenlab	1
archive.org			any_of	HOST		citizenlab	2
archive.ph			any_of	MMED		citizenlab	1
archiveofourown.org			any_of	CULTR		citizenlab	1
archlinux.org			any_of	CTRL		citizenlab	1
ariannelingerie.com			any_of	PROV		citizenlab	1
army.mil			any_of	GOVT		citizenlab	1
article19.org			any_of	HUMR		citizenlab	1
arxiv.org			any_of	FILE		citizenlab	1
asean.org			any_of	IGO		citizenlab	1
asiatimes.com			any_of	NEWS		citizenlab	1
ask.com			any_of	SRCH		citizenlab	1
aspnetcdn.com			any_of	HOST		citizenlab	1
asterisk.org			any_of	COMT		citizenlab	1
atheistalliance.org			any_of	REL		citizenlab	1
atheists.org			any_of	REL		citizenlab	1
atlasofsurveillance.org			any_of	HUMR		citizenlab	1
attrition.org			any_of	HACK		citizenlab	1
auduboninternational.org			any_of	ENV		citizenlab	1
auswaertiges-amt.de			any_of	GOVT		citizenlab	1
autistici.org			any_of	HOST		citizenlab	1
avaaz.org			any_of	HUMR		citizenlab	1
awid.org			any_of	HUMR		citizenlab	1
babbel.com			any_of	COMM		citizenlab	1
bacardi.com			any_of	ALDR		citizenlab	1
badoo.com			any_of	DATE		citizenlab	1
bahai.org			any_of	REL		citizenlab	1
baidu.com			any_of	SRCH		citizenlab	1
banthis.tv			any_of	NEWS		citizenlab	1
barmeister.com			any_of	ALDR		citizenlab	1
barnesandnoble.com			any_of	COMM		citizenlab	1
bat.com			any_of	ALDR		citizenlab	1
bbc.co.uk			any_of	NEWS		citizenlab	1
bbc.com			any_of	NEWS		citizenlab	1
bbm.com			any_of	COMT		citizenlab	1
beeg.com			any_of	PORN		citizenlab	1
beer.com			any_of	ALDR		citizenlab	1
beerinfo.com			any_of	ALDR		citizenlab	1
beintheknow.org			any_of	XED		citizenlab	1
benarnews.org			any_of	HUMR		citizenlab	1
benedelman.org			any_of	NEWS		citizenlab	1
bestsolaris.com			any_of	MMED		citizenlab	1
betfair.com			any_of	GMB		citizenlab	1
betternet.co			any_of	ANON		citizenlab	1
beyondexgay.com			any_of	LGBT		citizenlab	1
bglad.com			any_of	PORN		citizenlab	1
bi.org			any_of	LGBT		citizenlab	1
bicommunitynews.co.uk			any_of	LGBT		citizenlab	1
binance.com			any_of	COMM		citizenlab	1
bing-amp.com			any_of	HOST		citizenlab	1
bing.com	bing		any_of	SRCH		citizenlab	2
bing.net			any_of	SRCH		citizenlab	1
bingj.com			any_of	SRCH		citizenlab	1
bintray.com			any_of	FILE		citizenlab	2
birthcontrol.com			any_of	XED		citizenlab	1
bit.ly			any_of	HOST		citizenlab	1
bitbucket.org			any_of	HOST		citizenlab	1
bitchute.com			any_of	MMED		citizenlab	1
bitcoin.org			any_of	COMM		citizenlab	1
bitcomet.com			any_of	FILE		citizenlab	1
bitfinex.com			any_of	COMM		citizenlab	1
bitly.com			any_of	HOST		citizenlab	1
bittornado.com			any_of	FILE		citizenlab	1
bittorrent.com			any_of	MMED		citizenlab	1
biz.ly			any_of	HOST		citizenlab	1
blackberry.com			any_of	MMED		citizenlab	1
blackhat.be			any_of	HACK		citizenlab	1
blackjackinfo.com			any_of	GMB		citizenlab	1
blahdns.com			any_of	HOST		citizenlab	1
blizzard.com			any_of	GAME		citizenlab	1
blockchain.com			any_of	HACK		citizenlab	1
blockdx.co			any_of	ECON		citizenlab	1
blogeasy.com			any_of	HOST		citizenlab	1
blogger.com	blogger		any_of	HOST		citizenlab	1
blogmarks.net			any_of	GRP		citizenlab	1
blogsome.com			any_of	HOST		citizenlab	1
blueskyswimwear.com			any_of	PROV		citizenlab	1
bme.com			any_of	CULTR		citizenlab	1
bnaibrith.org			any_of	HUMR		citizenlab	1
boingboing.net			any_of	NEWS		citizenlab	1
box.sk			any_of	HACK		citizenlab	1
brave.com			any_of	HACK		citizenlab	2
bravoporn.com			any_of	PORN		citizenlab	1
breached.vc			any_of	HACK		citizenlab	1
briarproject.org			any_of	COMT		citizenlab	1
brinkster.com			any_of	HOST		citizenlab	1
broadvoice.com			any_of	COMT		citizenlab	1
brookings.edu			any_of	POLR		citizenlab	1
brothersroad.org			any_of	LGBT		citizenlab	1
bsky.app			any_of	GRP		citizenlab	1
btggaming.com			any_of	GMB		citizenlab	1
btguard.com			any_of	ANON		citizenlab	1
btselem.org			any_of	HUMR		citizenlab	1
buddhanet.net			any_of	REL		citizenlab	1
budweiser.com			any_of	ALDR		citizenlab	1
business-humanrights.org			any_of	HUMR		citizenlab	1
buydutchseeds.com			any_of	ALDR		citizenlab	1
canna.to			any_of	FILE		citizenlab	1
cannaweed.com			any_of	ALDR		citizenlab	1
carbonbrief.org			any_of	ENV		citizenlab	1
carbonmap.org			any_of	ENV		citizenlab	1
care.org			any_of	ECON		citizenlab	1
caritas.org			any_of	HUMR		citizenlab	1
carnegieendowment.org			any_of	POLR		citizenlab	1
cartercenter.org			any_of	HUMR		citizenlab	1
casino.com			any_of	GMB		citizenlab	1
casinotropez.com			any_of	GMB		citizenlab	1
catholic.org			any_of	REL		citizenlab	1
catholicsforchoice.org			any_of	XED		citizenlab	1
cato.org			any_of	REL		citizenlab	1
cbc.ca			any_of	NEWS		citizenlab	1
cbsnews.com			any_of	NEWS		citizenlab	1
ccc.de			any_of	HACK		citizenlab	1
ccel.org			any_of	REL		citizenlab	1
ccrjustice.org			any_of	HUMR		citizenlab	1
cdc.gov			any_of	PUBH		citizenlab	1
cdnjs.com			any_of	HACK		citizenlab	1
cdt.org			any_of	HUMR		citizenlab	1
ceceurope.org			any_of	REL		citizenlab	1
censored.tv			any_of	MMED		citizenlab	1
censorship.no			any_of	ANON		citizenlab	1
centcom.mil			any_of	GOVT		citizenlab	1
cesr.org			any_of	HUMR		citizenlab	1
cf-ipfs.com			any_of	COMT		citizenlab	1
cfr.org			any_of	NEWS		citizenlab	1
change.org			any_of	HUMR		citizenlab	1
chantelle.com			any_of	PROV		citizenlab	1
chat-gpt.org			any_of	SRCH		citizenlab	1
chess.com			any_of	GAME		citizenlab	1
childrensdefense.org			any_of	HUMR		citizenlab	1
chinadaily.com.cn			any_of	NEWS		citizenlab	1
chinatimes.com			any_of	NEWS		citizenlab	1
christianity.com			any_of	REL		citizenlab	1
christianitytoday.com			any_of	REL		citizenlab	1
chromium.org			any_of	HACK		citizenlab	1
churchofeuthanasia.org			any_of	HATE		citizenlab	1
churchofgodinchristmennonite.net			any_of	REL		citizenlab	1
cia.gov			any_of	GOVT		citizenlab	1
cid.contact			any_of	COMT		citizenlab	1
cinemata.org			any_of	MMED		citizenlab	1
cira.ca			any_of	HOST		citizenlab	1
circumcision.org			any_of	PUBH		citizenlab	1
cirp.org			any_of	PUBH		citizenlab	1
cites.org			any_of	ENV		citizenlab	1
citizenlab.ca			any_of	HUMR		citizenlab	1
citizensclimatelobby.org			any_of	ENV		citizenlab	1
cleanwateraction.org			any_of	ENV		citizenlab	1
climaterealityproject.org			any_of	ENV		citizenlab	1
clintonfoundation.org			any_of	POLR		citizenlab	1
cloudflare-ech.com			any_of	HOST		citizenlab	1
cloudflare-ipfs.com			any_of	COMT		citizenlab	1
cloudflare.com	cloudflare		any_of	HOST		citizenlab	2
cloudflare_dns/family	cloudflare_dns	resolver	any_of	HOST	Cloudflare family/malware-filtering resolver.	curated	3
cloudflare_dns/mozilla	cloudflare_dns	resolver	any_of	HOST	Mozilla-branded Cloudflare DoH endpoint used by Firefox TRR.	curated	1
cloudflare_dns/standard	cloudflare_dns	resolver	any_of	HOST	Cloudflare public DNS (1.1.1.1), DoH/DoT/UDP.	curated	3
clubhouse.com			any_of	GRP		citizenlab	1
clubhouseapi.com			any_of	GRP		citizenlab	1
cnet.com			any_of	ANON		citizenlab	1
cnn.com			any_of	NEWS		citizenlab	1
cocaine.org			any_of	PUBH		citizenlab	1
code.org			any_of	CULTR		citizenlab	1
codeberg.org			any_of	HOST		citizenlab	1
coe.int			any_of	HUMR		citizenlab	1
coinbase.com			any_of	COMM		citizenlab	1
coinex.com			any_of	ECON		citizenlab	1
coinmarketcap.com			any_of	ECON		citizenlab	1
collegehumor.com			any_of	CULTR		citizenlab	1
columbia.edu			any_of	XED		citizenlab	1
common-fund.org			any_of	ECON		citizenlab	1
concern.net			any_of	ECON		citizenlab	1
coolearth.org			any_of	ENV		citizenlab	1
coolmathgames.com			any_of	GAME		citizenlab	1
copticchurch.net			any_of	REL		citizenlab	1
coquette.com			any_of	PROV		citizenlab	1
coronavirus.app			any_of	PUBH		citizenlab	1
counter-strike.net			any_of	GAME		citizenlab	1
covidtracking.com			any_of	PUBH		citizenlab	1
cpj.org			any_of	HUMR		citizenlab	1
craigslist.org			any_of	COMM		citizenlab	1
creativecommons.org			any_of	NEWS		citizenlab	1
credibilitycoalition.org			any_of	CULTR		citizenlab	1
crisisgroup.org			any_of	HUMR		citizenlab	1
crowdtangle.com			any_of	PUBH		citizenlab	1
crs.org			any_of	ECON		citizenlab	1
crypt.ee			any_of	FILE		citizenlab	1
cryptome.org			any_of	POLR		citizenlab	1
cryptpad.fr			any_of	ANON		citizenlab	1
cryptpad.info			any_of	ANON		citizenlab	1
cseindia.org			any_of	ENV		citizenlab	1
csid-online.org			any_of	POLR		citizenlab	1
csmonitor.com			any_of	NEWS		citizenlab	1
cultdeadcow.com			any_of	HACK		citizenlab	1
currenttime.tv			any_of	NEWS		citizenlab	1
cwtch.im			any_of	COMT		citizenlab	1
cyber-pirates.org			any_of	HACK		citizenlab	1
cyberbits.eu			any_of	FILE		citizenlab	1
cyberghostvpn.com			any_of	ANON		citizenlab	1
cypherpunks.ca			any_of	ANON		citizenlab	1
dailymail.co.uk			any_of	NEWS		citizenlab	1
dailymotion.com			any_of	MMED		citizenlab	1
dailysabah.com			any_of	NEWS		citizenlab	1
dailystormer.in			any_of	HATE		citizenlab	1
dailywire.com			any_of	NEWS		citizenlab	1
darknet.org.uk			any_of	HACK		citizenlab	1
darpa.mil			any_of	GOVT		citizenlab	1
dartcenter.org			any_of	NEWS		citizenlab	1
dashjr.org			any_of	COMM		citizenlab	1
date.com			any_of	DATE		citizenlab	1
dating.com			any_of	DATE		citizenlab	1
datpiff.com			any_of	CULTR		citizenlab	1
dd-rd.ca			any_of	HUMR		citizenlab	1
ddo.com			any_of	GAME		citizenlab	1
ddosecrets.com			any_of	HUMR		citizenlab	1
dea.gov			any_of	GOVT		citizenlab	1
deathmetal.org			any_of	CULTR		citizenlab	1
debate.org.uk			any_of	REL		citizenlab	1
debian.org			any_of	MISC		citizenlab	1
defcad.com			any_of	MISC		citizenlab	1
defcon.org			any_of	HACK		citizenlab	1
defense.gov			any_of	GOVT		citizenlab	1
delicates.co.uk			any_of	PROV		citizenlab	1
delta.chat			any_of	COMT		citizenlab	1
democracycaucus.net			any_of	POLR		citizenlab	1
democracynow.org			any_of	NEWS		citizenlab	1
derechos.org			any_of	HUMR		citizenlab	1
dextroverse.org			any_of	ALDR		citizenlab	1
dfiles.eu			any_of	FILE		citizenlab	1
dharmanet.org			any_of	REL		citizenlab	1
dia.mil			any_of	GOVT		citizenlab	1
dictionary.com			any_of	CULTR		citizenlab	1
digg.com			any_of	CULTR		citizenlab	1
disclose.ngo			any_of	POLR		citizenlab	1
discord.com	discord		any_of	COMT		citizenlab	1
discord.gg	discord		any_of	COMT		citizenlab	1
discordapp.com	discord		any_of	COMT		citizenlab	1
disqus.com			any_of	COMT		citizenlab	1
dit-inc.us			any_of	ANON		citizenlab	1
dlive.tv			any_of	HOST		citizenlab	1
dn42.dev			any_of	ANON		citizenlab	1
dns.sb			any_of	HOST		citizenlab	1
dnsleaktest.com			any_of	HACK		citizenlab	1
dnsviz.net			any_of	HACK		citizenlab	1
doctissimo.fr			any_of	PUBH		citizenlab	1
doctorswithoutborders.org			any_of	PUBH		citizenlab	1
dogpile.com			any_of	SRCH		citizenlab	1
dopplr.com			any_of	NEWS		citizenlab	1
dotster.com			any_of	HOST		citizenlab	1
doubleclick.net			any_of	COMM		citizenlab	1
douyin.com			any_of	GRP		citizenlab	1
dreamhost.com			any_of	HOST		citizenlab	1
dropbox.com			any_of	FILE		citizenlab	1
drudgereport.com			any_of	NEWS		citizenlab	1
drugs-forum.com			any_of	ALDR		citizenlab	1
drugsdata.org			any_of	ALDR		citizenlab	1
drugsense.org			any_of	ALDR		citizenlab	1
duckduckgo.com			any_of	SRCH		citizenlab	2
dw.com			any_of	NEWS		citizenlab	1
dweb.link			any_of	COMT		citizenlab	1
dzen.ru			any_of	HOST		citizenlab	1
ea.com			any_of	GAME		citizenlab	1
earthaction.org			any_of	ENV		citizenlab	1
earthrights.org			any_of	ENV		citizenlab	1
earthwatch.org			any_of	ENV		citizenlab	1
ebaumsworld.com			any_of	HOST		citizenlab	1
ebay.com			any_of	COMM		citizenlab	1
ebuddy.com			any_of	GRP		citizenlab	1
eccouncil.org			any_of	HACK		citizenlab	1
ecequality.org			any_of	LGBT		citizenlab	1
economist.com			any_of	NEWS		citizenlab	1
ectaco.com			any_of	COMT		citizenlab	1
edf.org			any_of	ENV		citizenlab	1
eff.org	eff		any_of	HUMR		citizenlab	4
eharmony.com			any_of	DATE		citizenlab	1
electrum.org			any_of	ECON		citizenlab	1
element.io	element		any_of	COMT		citizenlab	3
eln-voces.com			any_of	HOST		citizenlab	1
elpha.com			any_of	GRP		citizenlab	1
eluniversal.com			any_of	NEWS		citizenlab	1
emailaddresses.com			any_of	HOST		citizenlab	1
emchurch.org			any_of	REL		citizenlab	1
engenderhealth.org			any_of	PUBH		citizenlab	1
enom.com			any_of	HOST		citizenlab	1
ente.io			any_of	FILE		citizenlab	1
epa.gov			any_of	GOVT		citizenlab	1
epic.org			any_of	HUMR		citizenlab	1
epicgames.com			any_of	GAME		citizenlab	1
epik.com			any_of	HOST		citizenlab	1
episcopalchurch.org			any_of	REL		citizenlab	1
episcopalrelief.org			any_of	ECON		citizenlab	1
equal-eyes.org			any_of	LGBT		citizenlab	1
erowid.org			any_of	ALDR		citizenlab	1
espiv.net			any_of	COMT		citizenlab	1
espivblogs.net			any_of	HOST		citizenlab	1
etherscan.io			any_of	COMM		citizenlab	1
eurobicon.org			any_of	LGBT		citizenlab	1
eurogrand.com			any_of	GMB		citizenlab	1
europa.eu			any_of	PUBH		citizenlab	2
europacasino.com			any_of	GMB		citizenlab	1
europedatingonline.com			any_of	DATE		citizenlab	1
euthanasia.cc			any_of	PUBH		citizenlab	1
eventbrite.com			any_of	CULTR		citizenlab	1
eveonline.com			any_of	GAME		citizenlab	1
evernote.com			any_of	MMED		citizenlab	1
ewg.org			any_of	ENV		citizenlab	1
excite.com			any_of	SRCH		citizenlab	1
exgay.com			any_of	LGBT		citizenlab	1
exitinternational.net			any_of	HUMR		citizenlab	1
exmormon.org			any_of	REL		citizenlab	1
exploit-db.com			any_of	HACK		citizenlab	1
expressvpn.com	expressvpn		any_of	ANON		citizenlab	1
eztv.ag			any_of	FILE		citizenlab	1
eztv.re			any_of	FILE		citizenlab	1
f-droid.org			any_of	FILE		citizenlab	1
f-list.net			any_of	GAME		citizenlab	1
f-secure.com			any_of	ANON		citizenlab	1
facebook/cdn	facebook	cdn	any_of	GRP	fbcdn.net media/static CDN (the messenger nettest's xx.fbcdn.net hosts stay on facebook_messenger/*).	curated	4
facebook/website	facebook	website	any_of	POLR	facebook.com. Messenger-specific endpoints under it are mapped separately (facebook_messenger/*).	curated	4
facebook_messenger/b_api	facebook_messenger	b_api	all_of		b-api.facebook.com.	nettest	0
facebook_messenger/b_graph	facebook_messenger	b_graph	all_of		b-graph.facebook.com.	nettest	0
facebook_messenger/edge	facebook_messenger	edge	all_of	GRP	edge-mqtt.facebook.com, the message transport.	nettest	1
facebook_messenger/external_cdn	facebook_messenger	external_cdn	all_of	GRP	external.xx.fbcdn.net.	nettest	1
facebook_messenger/scontent_cdn	facebook_messenger	scontent_cdn	all_of	GRP	scontent.xx.fbcdn.net.	nettest	1
facebook_messenger/star	facebook_messenger	star	all_of		star.c10r.facebook.com.	nettest	0
facebook_messenger/stun	facebook_messenger	stun	all_of		stun.fbsbx.com, the STUN server.	nettest	0
facebook_messenger/website	facebook_messenger	website	any_of	COMT	messenger.com browser client.	curated	1
familyequality.org			any_of	LGBT		citizenlab	1
fanfiction.net			any_of	CULTR		citizenlab	1
fark.com			any_of	HOST		citizenlab	1
fastmail.com			any_of	COMT		citizenlab	1
fau.de			any_of	FILE		citizenlab	1
fedoramagazine.org			any_of	HACK		citizenlab	1
feedtheminds.org			any_of	ECON		citizenlab	1
feminist.com			any_of	HUMR		citizenlab	1
feminist.org			any_of	HUMR		citizenlab	1
fhi360.org			any_of	XED		citizenlab	1
fidh.org			any_of	HUMR		citizenlab	1
filen.io			any_of	FILE		citizenlab	1
firefox.com	mozilla		any_of	CTRL		citizenlab	1
flickr.com	flickr		any_of	MMED		citizenlab	1
fondationdefrance.org			any_of	POLR		citizenlab	1
footprintnetwork.org			any_of	ENV		citizenlab	1
fordfound.org			any_of	HUMR		citizenlab	1
foreignpolicy.com			any_of	NEWS		citizenlab	1
formercatholic.com			any_of	REL		citizenlab	1
forum18.org			any_of	HUMR		citizenlab	1
fosfeminista.org			any_of	XED		citizenlab	1
fotki.com			any_of	MMED		citizenlab	1
fotolog.com			any_of	MMED		citizenlab	1
foursquare.com			any_of	GRP		citizenlab	1
foxnews.com			any_of	NEWS		citizenlab	1
france24.com			any_of	NEWS		citizenlab	1
francemediasmonde.com			any_of	NEWS		citizenlab	1
frc.org			any_of	REL		citizenlab	1
free-signal.com			any_of	ANON		citizenlab	1
free.fr			any_of	COMT		citizenlab	1
freedomhouse.org			any_of	HUMR		citizenlab	1
freedominfo.org			any_of	HUMR		citizenlab	1
freeexpression.org			any_of	HUMR		citizenlab	1
freehomepage.com			any_of	HOST		citizenlab	1
freemuse.org			any_of	HUMR		citizenlab	1
freenetproject.org			any_of	ANON		citizenlab	1
freepik.com			any_of	MMED		citizenlab	1
freeservers.com			any_of	HOST		citizenlab	1
freespeech.com			any_of	HUMR		citizenlab	1
freespeech.org			any_of	HUMR		citizenlab	1
freespeechcoalition.com			any_of	HUMR		citizenlab	1
freespeechdebate.com			any_of	POLR		citizenlab	1
freewebspace.com			any_of	HOST		citizenlab	1
freshpair.com			any_of	PROV		citizenlab	1
fridaysforfuture.org			any_of	ENV		citizenlab	1
friendfinder.com			any_of	DATE		citizenlab	1
friendsoftheearth.uk			any_of	ENV		citizenlab	1
frontlineaids.org			any_of	XED		citizenlab	1
frontlinedefenders.org			any_of	HUMR		citizenlab	1
fsb.ru			any_of	GOVT		citizenlab	1
fsf.org			any_of	CULTR		citizenlab	1
ft.com			any_of	NEWS		citizenlab	1
ftchinese.com			any_of	NEWS		citizenlab	1
fteproxy.org			any_of	ANON		citizenlab	1
fuckingfreemovies.com			any_of	PORN		citizenlab	1
gab.com			any_of	GRP		citizenlab	1
gambling.com			any_of	GMB		citizenlab	1
gamespot.com			any_of	GAME		citizenlab	1
gatesfoundation.org			any_of	PUBH		citizenlab	1
gawker.com			any_of	CULTR		citizenlab	1
gay.com			any_of	LGBT		citizenlab	1
gayegypt.com			any_of	LGBT		citizenlab	1
gaymenshealth.org			any_of	LGBT		citizenlab	1
gayscape.com			any_of	LGBT		citizenlab	1
gaystarnews.com			any_of	LGBT		citizenlab	1
gaytoday.com			any_of	LGBT		citizenlab	1
gazprombank.ru			any_of	COMM		citizenlab	1
gearthblog.com			any_of	NEWS		citizenlab	1
genymotion.com			any_of	HACK		citizenlab	1
getdrupe.com			any_of	COMT		citizenlab	1
geti2p.net			any_of	ANON		citizenlab	1
getintra.org			any_of	ANON		citizenlab	1
getlantern.org	lantern		any_of	ANON		citizenlab	1
getoutline.org			any_of	ANON		citizenlab	2
getpocket.com			any_of	MISC		citizenlab	1
getsession.org			any_of	COMT		citizenlab	1
gettr.com			any_of	GRP		citizenlab	1
ghost.org			any_of	HOST		citizenlab	1
giganews.com			any_of	COMM		citizenlab	1
giphy.com			any_of	HOST		citizenlab	2
git.io			any_of	HOST		citizenlab	1
github/user_content	github	cdn	any_of	HOST	githubusercontent.com raw/user content.	curated	1
github/website	github	website	any_of	HOST	github.com.	curated	5
githubassets.com			any_of	HOST		citizenlab	1
gitlab-static.net			any_of	HOST		citizenlab	1
gitlab.com			any_of	HOST		citizenlab	1
givesendgo.com			any_of	CULTR		citizenlab	1
glaad.org			any_of	LGBT		citizenlab	1
glbtqarchive.com			any_of	LGBT		citizenlab	1
glil.org			any_of	LGBT		citizenlab	1
globalclimatestrike.net			any_of	ENV		citizenlab	1
globaleaks.org			any_of	HUMR		citizenlab	1
globalfire.tv			any_of	HATE		citizenlab	1
globalfundforwomen.org			any_of	HUMR		citizenlab	1
globalgiving.org			any_of	ECON		citizenlab	1
globalpolicy.org			any_of	IGO		citizenlab	1
globalpressjournal.com			any_of	NEWS		citizenlab	1
globalpride2020.org			any_of	LGBT		citizenlab	1
globalr2p.org			any_of	HUMR		citizenlab	1
globalvoices.org			any_of	HUMR		citizenlab	2
globalwitness.org			any_of	ENV		citizenlab	1
globet.com			any_of	GMB		citizenlab	1
glsen.org			any_of	LGBT		citizenlab	1
gmhc.org			any_of	LGBT		citizenlab	1
gmx.com			any_of	COMT		citizenlab	1
gnome.org			any_of	CTRL		citizenlab	1
gnu.org			any_of	ANON		citizenlab	1
gnupg.org			any_of	ANON		citizenlab	1
go-text.me			any_of	COMT		citizenlab	1
go.com			any_of	NEWS		citizenlab	1
goarch.org			any_of	REL		citizenlab	1
godaddy.com			any_of	HOST		citizenlab	1
godalone.org			any_of	REL		citizenlab	1
godhatesfags.com			any_of	HATE		citizenlab	1
gofundme.com			any_of	ECON		citizenlab	1
goldenpalace.com			any_of	GMB		citizenlab	1
goldenrivieracasino.com			any_of	GMB		citizenlab	1
goodreads.com			any_of	CULTR		citizenlab	1
google/api	google	api	any_of	HOST	googleapis.com API endpoints (FCM, Play, Firebase...).	curated	6
google/media_cdn	google	cdn	any_of	HOST	ggpht.com photo/media CDN.	curated	4
google/static_cdn	google	cdn	any_of	CTRL	gstatic.com static asset CDN.	curated	4
google/translate_proxy	google	proxy	any_of		translate.goog translated-page proxy, a de-facto circumvention path.	curated	0
google/user_content	google	cdn	any_of	HOST	googleusercontent.com user-uploaded content.	curated	3
google/website	google	website	any_of	CTRL	google.com: search, accounts and apps.	curated	27
google_dns/resolver	google_dns	resolver	any_of	HOST	Google public DNS (8.8.8.8), DoH/DoT/UDP.	curated	3
googleapps.com			any_of	HACK		citizenlab	1
googleweblight.com			any_of	ANON		citizenlab	1
gotgayporn.com			any_of	PORN		citizenlab	1
gpgtools.org			any_of	ANON		citizenlab	1
gr-assets.com			any_of	CULTR		citizenlab	2
granma.cu			any_of	NEWS		citizenlab	1
grasscity.com			any_of	ALDR		citizenlab	1
greenhost.net			any_of	HOST		citizenlab	1
greennet.org.uk			any_of	ENV		citizenlab	1
greenpeace.org			any_of	ENV		citizenlab	1
grindr.com	grindr		any_of	LGBT		citizenlab	2
grindr.mobi			any_of	LGBT		citizenlab	1
groupon.com			any_of	COMM		citizenlab	1
guardianproject.info			any_of	ANON		citizenlab	1
guardster.com			any_of	ANON		citizenlab	1
guerrillagirls.com			any_of	HUMR		citizenlab	1
guildwars.com			any_of	GAME		citizenlab	1
gutenberg.org			any_of	CULTR		citizenlab	1
haaretz.com			any_of	NEWS		citizenlab	1
habbo.com			any_of	GAME		citizenlab	1
hackerspaces.org			any_of	CULTR		citizenlab	1
hackforums.net			any_of	HACK		citizenlab	1
hackhull.com			any_of	HACK		citizenlab	1
hacktivismo.com			any_of	HACK		citizenlab	1
hanes.com			any_of	PROV		citizenlab	1
harvard.edu			any_of	HUMR		citizenlab	1
health.com			any_of	PUBH		citizenlab	1
healthmap.org			any_of	PUBH		citizenlab	1
helvetas.ch			any_of	ECON		citizenlab	1
herdict.org			any_of	HUMR		citizenlab	1
here.com			any_of	PUBH		citizenlab	1
heritage.org			any_of	POLR		citizenlab	1
heroin.org			any_of	ALDR		citizenlab	1
hi5.com			any_of	COMT		citizenlab	1
hide.me			any_of	ANON		citizenlab	1
hidemyass.com			any_of	ANON		citizenlab	1
hightail.com			any_of	MMED		citizenlab	1
hightimes.com			any_of	ALDR		citizenlab	1
hitler.org			any_of	CULTR		citizenlab	1
hizb-ut-tahrir.org			any_of	POLR		citizenlab	1
hodlhodl.com			any_of	ECON		citizenlab	1
hola.org			any_of	ANON		citizenlab	1
honduras.com			any_of	CULTR		citizenlab	1
hootsuite.com			any_of	GRP		citizenlab	1
hornet.com			any_of	LGBT		citizenlab	1
hostgator.com			any_of	HOST		citizenlab	1
hotbot.com			any_of	SRCH		citizenlab	1
hotgaylist.com			any_of	PORN		citizenlab	1
hotspotshield.com	hotspotshield		any_of	ANON		citizenlab	1
howtogrowmarijuana.com			any_of	ALDR		citizenlab	1
hrc.org			any_of	LGBT		citizenlab	1
hrea.org			any_of	HUMR		citizenlab	1
hrw.org			any_of	HUMR		citizenlab	1
http-tunnel.com			any_of	ANON		citizenlab	1
huffpost.com			any_of	NEWS		citizenlab	1
humanrightsconnected.org			any_of	HUMR		citizenlab	1
humanrightsfirst.org			any_of	HUMR		citizenlab	1
hushmail.com			any_of	COMT		citizenlab	1
hustler.com			any_of	PORN		citizenlab	1
hyphanet.org			any_of	ANON		citizenlab	1
i2p2.de			any_of	ANON		citizenlab	1
i2pd.website			any_of	ANON		citizenlab	1
i2pforum.net			any_of	ANON		citizenlab	1
i2pgit.org			any_of	ANON		citizenlab	1
i2phides.me			any_of	ANON		citizenlab	1
iaea.org			any_of	ENV		citizenlab	1
iaffe.org			any_of	HUMR		citizenlab	1
iarf.net			any_of	REL		citizenlab	1
iaru.org			any_of	CULTR		citizenlab	1
iavi.org			any_of	XED		citizenlab	1
icc-cpi.int			any_of	HUMR		citizenlab	1
icij.org			any_of	NEWS		citizenlab	1
icj.org			any_of	POLR		citizenlab	1
icloud.com	apple		any_of	ANON		citizenlab	3
iconnecthere.com			any_of	COMT		citizenlab	1
icq.com			any_of	COMT		citizenlab	1
icrc.org			any_of	IGO		citizenlab	1
icrw.org			any_of	HUMR		citizenlab	1
ictj.org			any_of	HUMR		citizenlab	1
idea.int			any_of	POLR		citizenlab	1
ideasbeyondborders.org			any_of	CULTR		citizenlab	1
idrc.ca			any_of	ECON		citizenlab	1
idsoftware.com			any_of	GAME		citizenlab	1
iea.org			any_of	IGO		citizenlab	1
ifacetimeapp.com			any_of	COMT		citizenlab	1
ifad.org			any_of	ECON		citizenlab	1
ifc.org			any_of	ECON		citizenlab	1
ifeminists.com			any_of	HUMR		citizenlab	1
ifex.org			any_of	HUMR		citizenlab	1
ifge.org			any_of	LGBT		citizenlab	1
ifj.org			any_of	HUMR		citizenlab	1
ifrc.org			any_of	IGO		citizenlab	1
ihr.org			any_of	CULTR		citizenlab	1
ihrc.org			any_of	HUMR		citizenlab	1
iico.org			any_of	REL		citizenlab	1
ij.org			any_of	HUMR		citizenlab	1
ijm.org			any_of	HUMR		citizenlab	1
ikhwanonline.com			any_of	POLR		citizenlab	1
ilga-europe.org			any_of	LGBT		citizenlab	1
ilga.org			any_of	LGBT		citizenlab	1
ilo.org			any_of	HUMR		citizenlab	1
imageshack.com			any_of	MMED		citizenlab	1
imdb.com			any_of	CULTR		citizenlab	1
imf.org			any_of	ECON		citizenlab	1
imgur.com			any_of	MMED		citizenlab	1
imo.im			any_of	COMT		citizenlab	1
impactlab.org			any_of	ENV		citizenlab	1
implantinfo.com			any_of	PUBH		citizenlab	1
imqq.com			any_of	GRP		citizenlab	1
inbox.com			any_of	COMT		citizenlab	1
indiatimes.com			any_of	NEWS		citizenlab	2
indymedia.org			any_of	NEWS		citizenlab	1
inetprivacy.com			any_of	ANON		citizenlab	1
infidels.org			any_of	CULTR		citizenlab	1
infomaniak.com			any_of	FILE		citizenlab	1
infomigrants.net			any_of	HUMR		citizenlab	1
infowars.com			any_of	NEWS		citizenlab	1
inminds.co.uk			any_of	POLR		citizenlab	1
insecure.org			any_of	HACK		citizenlab	1
instagram/cdn	instagram	cdn	any_of	GRP	cdninstagram.com media CDN.	curated	6
instagram/website	instagram	website	any_of	GRP	instagram.com.	curated	3
instinctmagazine.com			any_of	LGBT		citizenlab	1
international.gc.ca			any_of	ECON		citizenlab	1
internationalfamilyequalityday.org			any_of	LGBT		citizenlab	1
internationalism.org			any_of	POLR		citizenlab	1
internationalrivers.org			any_of	ENV		citizenlab	1
internetsociety.org			any_of	IGO		citizenlab	2
interpol.int			any_of	GOVT		citizenlab	1
ipair.com			any_of	DATE		citizenlab	1
ipcc.ch			any_of	ENV		citizenlab	1
ipetitions.com			any_of	HUMR		citizenlab	1
ipfs.io			any_of	COMT		citizenlab	1
ipi.media			any_of	NEWS		citizenlab	1
ipredator.se			any_of	ANON		citizenlab	1
ipvanish.com			any_of	ANON		citizenlab	1
irna.ir			any_of	NEWS		citizenlab	1
isa.gov.ly			any_of	GOVT		citizenlab	1
isa.org.jm			any_of	IGO		citizenlab	1
isaalmasih.net			any_of	REL		citizenlab	1
isiswomen.org			any_of	HUMR		citizenlab	1
iskcon.com			any_of	HUMR		citizenlab	1
islamdoor.com			any_of	REL		citizenlab	1
islameyat.com			any_of	REL		citizenlab	1
islamic-relief.org			any_of	REL		citizenlab	1
islamicity.com			any_of	REL		citizenlab	1
islaminstitut.de			any_of	REL		citizenlab	1
islamonline.net			any_of	REL		citizenlab	1
isscr.org			any_of	PUBH		citizenlab	1
itgetsbetter.org			any_of	LGBT		citizenlab	1
itsyoursexlife.com			any_of	XED		citizenlab	1
iucn.org			any_of	ENV		citizenlab	1
ivpn.net			any_of	ANON		citizenlab	1
iyfglobal.org			any_of	HUMR		citizenlab	1
jabber.ru			any_of	COMT		citizenlab	1
jackdaniels.com			any_of	ALDR		citizenlab	1
jackpotcitycasino1.com			any_of	GMB		citizenlab	1
jainworld.com			any_of	REL		citizenlab	1
jami.net			any_of	COMT		citizenlab	1
jdate.com			any_of	DATE		citizenlab	1
jesussaves.cc			any_of	REL		citizenlab	1
jezebel.com			any_of	NEWS		citizenlab	1
jhr.ca			any_of	HUMR		citizenlab	1
jhu.edu			any_of	PUBH		citizenlab	1
jihadwatch.org			any_of	NEWS		citizenlab	1
jit.si			any_of	COMT		citizenlab	1
jmarshall.com			any_of	ANON		citizenlab	1
joinclubhouse.com			any_of	GRP		citizenlab	1
joinmastodon.org			any_of	GRP		citizenlab	1
jquery.com			any_of	HOST		citizenlab	1
jsdelivr.net			any_of	HOST		citizenlab	1
jsf.mil			any_of	GOVT		citizenlab	1
judaism.com			any_of	REL		citizenlab	1
judaismconversion.org			any_of	REL		citizenlab	1
justicewomen.com			any_of	HUMR		citizenlab	1
jw.org			any_of	REL		citizenlab	1
kabobfest.com			any_of	NEWS		citizenlab	1
kaleidoscopetrust.com			any_of	LGBT		citizenlab	1
kali.org			any_of	HACK		citizenlab	1
kat.am			any_of	FILE		citizenlab	1
katcr.to			any_of	FILE		citizenlab	1
kbs-frb.be			any_of	ECON		citizenlab	1
kcna.kp			any_of	NEWS		citizenlab	1
kde.org			any_of	CTRL		citizenlab	1
keptprivate.com			any_of	COMT		citizenlab	1
kff.org			any_of	PUBH		citizenlab	1
khanacademy.org			any_of	CULTR		citizenlab	1
khilafah.com			any_of	POLR		citizenlab	1
khilafah.net			any_of	POLR		citizenlab	1
khrp.org			any_of	HUMR		citizenlab	1
kick.com			any_of	MMED		citizenlab	1
kickassclassical.com			any_of	CULTR		citizenlab	1
kickasstorrents.to			any_of	FILE		citizenlab	1
kidshealth.org			any_of	PUBH		citizenlab	1
kiwifarms.net			any_of	GRP		citizenlab	1
knapsackforhope.org			any_of	ANON		citizenlab	1
kolektiva.social			any_of	POLR		citizenlab	1
kraken.com			any_of	COMM		citizenlab	1
kremlin.ru			any_of	GOVT		citizenlab	1
krishna.com			any_of	REL		citizenlab	1
krunker.io			any_of	GAME		citizenlab	1
kucoin.com			any_of	COMM		citizenlab	1
laborrights.org			any_of	HUMR		citizenlab	1
laborrightsnow.org			any_of	HUMR		citizenlab	1
lalgbtcenter.org			any_of	LGBT		citizenlab	1
lambdalegal.org			any_of	LGBT		citizenlab	1
lanacion.com.ar			any_of	NEWS		citizenlab	1
lanl.gov			any_of	NEWS		citizenlab	1
lantern.io	lantern		any_of	ANON		citizenlab	1
laquadrature.net			any_of	HUMR		citizenlab	1
lasenza.com			any_of	PROV		citizenlab	1
last.fm			any_of	MMED		citizenlab	1
latimes.com			any_of	NEWS		citizenlab	1
lbry.com			any_of	MMED		citizenlab	1
lbry.org			any_of	MMED		citizenlab	1
lds.org			any_of	HUMR		citizenlab	1
leap.se			any_of	ANON		citizenlab	1
learningpartnership.org			any_of	HUMR		citizenlab	1
leaseweb.com			any_of	HOST		citizenlab	1
lemonde.fr			any_of	NEWS		citizenlab	1
lencr.org			any_of	HOST		citizenlab	1
lesbiansubmission.com			any_of	PORN		citizenlab	1
letsencrypt.org			any_of	HOST		citizenlab	1
lgbt.foundation			any_of	LGBT		citizenlab	1
lgbtmap.org			any_of	LGBT		citizenlab	1
lgbtnewsnow.org			any_of	LGBT		citizenlab	1
lgbtqnation.com			any_of	LGBT		citizenlab	1
lgbtvacationplanners.com			any_of	LGBT		citizenlab	1
libgen.fun			any_of	FILE		citizenlab	1
libgen.gs			any_of	FILE		citizenlab	1
libgen.is			any_of	FILE		citizenlab	1
libgen.lc			any_of	FILE		citizenlab	1
libgen.li			any_of	FILE		citizenlab	1
libgen.life			any_of	FILE		citizenlab	1
libgen.me			any_of	FILE		citizenlab	1
libgen.rs			any_of	FILE		citizenlab	1
libgen.space			any_of	FILE		citizenlab	1
libgen.st			any_of	FILE		citizenlab	1
libgen.tw			any_of	FILE		citizenlab	1
libgen.xyz			any_of	FILE		citizenlab	1
limetorrents.lol			any_of	FILE		citizenlab	1
limetorrents.pro			any_of	FILE		citizenlab	1
line.me	line		any_of	COMT		citizenlab	1
lingo.com			any_of	COMT		citizenlab	1
linkedin.com	linkedin		any_of	GRP		citizenlab	1
linktr.ee			any_of	MISC		citizenlab	1
linphone.org			any_of	COMT		citizenlab	1
literotica.com			any_of	CULTR		citizenlab	1
live.com	microsoft		any_of	COMT		citizenlab	2
livejournal.com			any_of	HOST		citizenlab	1
liveleak.com			any_of	MMED		citizenlab	1
livestream.com			any_of	MMED		citizenlab	1
liveuamap.com			any_of	NEWS		citizenlab	1
localmonero.co			any_of	ECON		citizenlab	1
locals.com			any_of	GRP		citizenlab	1
logmein.com			any_of	ANON		citizenlab	1
lokinet.org			any_of	ANON		citizenlab	1
lovoo.com			any_of	DATE		citizenlab	1
luckynugget.com			any_of	GMB		citizenlab	1
lushstories.com			any_of	CULTR		citizenlab	1
lww.com			any_of	PUBH		citizenlab	1
lycos.com			any_of	HOST		citizenlab	4
macfound.org			any_of	ECON		citizenlab	1
madre.org			any_of	HUMR		citizenlab	1
magicjack.com			any_of	COMT		citizenlab	1
mail.com			any_of	COMT		citizenlab	1
mail.ru			any_of	COMT		citizenlab	1
mail2web.com			any_of	COMT		citizenlab	1
mailinator.com			any_of	COMT		citizenlab	1
mainichi.co.jp			any_of	NEWS		citizenlab	1
makeamazonpay.com			any_of	POLR		citizenlab	1
malwares.com			any_of	HACK		citizenlab	1
mamma.com			any_of	SRCH		citizenlab	1
maps.org			any_of	ALDR		citizenlab	1
mariestopes.org.uk			any_of	PUBH		citizenlab	1
marines.mil			any_of	GOVT		citizenlab	1
martus.org			any_of	HUMR		citizenlab	1
marxists.org			any_of	CULTR		citizenlab	1
mashable.com			any_of	CULTR		citizenlab	1
mastodon.cloud			any_of	GRP		citizenlab	1
mastodon.social			any_of	GRP		citizenlab	1
mastodon.xyz			any_of	GRP		citizenlab	1
match.com			any_of	DATE		citizenlab	2
matcha.xyz			any_of	ECON		citizenlab	1
matrix.org	matrix		any_of	COMT		citizenlab	2
matrix.to			any_of	COMT		citizenlab	1
mattermost.com			any_of	COMT		citizenlab	1
maven.org			any_of	CTRL		citizenlab	1
mc-doualiya.com			any_of	NEWS		citizenlab	1
medecinsdumonde.org			any_of	PUBH		citizenlab	1
mediafire.com			any_of	MMED		citizenlab	1
medicinenet.com			any_of	PUBH		citizenlab	1
medium.com	medium		any_of	HOST		citizenlab	3
medpot.net			any_of	ALDR		citizenlab	1
meetme.com			any_of	GRP		citizenlab	1
meetup.com			any_of	GRP		citizenlab	1
mega.io			any_of	ANON		citizenlab	1
mega.nz			any_of	ANON		citizenlab	1
megaproxy.com			any_of	ANON		citizenlab	1
messagevortex.net			any_of	ANON		citizenlab	1
metacrawler.com			any_of	SRCH		citizenlab	1
metal-archives.com			any_of	CULTR		citizenlab	1
metasploit.com			any_of	HACK		citizenlab	1
mhut.org			any_of	FILE		citizenlab	1
microsoft.com	microsoft		any_of	COMT		citizenlab	3
microsofttranslator.com			any_of	COMT		citizenlab	1
mideastyouth.com			any_of	NEWS		citizenlab	1
minds.com			any_of	GRP		citizenlab	1
minorityrights.org			any_of	HUMR		citizenlab	1
minsk.by			any_of	GOVT		citizenlab	1
miui.com			any_of	CTRL		citizenlab	2
mixmin.net			any_of	ANON		citizenlab	1
mizzima.com			any_of	NEWS		citizenlab	1
mnr.gov.cn			any_of	GOVT		citizenlab	1
moderndrunkardmagazine.com			any_of	ALDR		citizenlab	1
mojeek.com			any_of	SRCH		citizenlab	1
mombian.com			any_of	LGBT		citizenlab	1
monacogoldcasino.com			any_of	GMB		citizenlab	1
moodle.com			any_of	HOST		citizenlab	1
moodle.org			any_of	COMM		citizenlab	1
mormon.org			any_of	HUMR		citizenlab	1
movabletype.com			any_of	HOST		citizenlab	1
mozilla.net			any_of	HOST		citizenlab	1
mozilla.org	mozilla		any_of	FILE		citizenlab	3
mozilla/doh_canary	mozilla	canary	all_of	CTRL	Mozilla DoH canary domain: an NXDOMAIN here tells Firefox to disable DoH, so networks answer it deliberately. Not a browsable service.	curated	1
mp3.com			any_of	CULTR		citizenlab	1
msf.org			any_of	PUBH		citizenlab	1
msftconnecttest.com			any_of	CTRL		citizenlab	1
msftncsi.com			any_of	CTRL		citizenlab	1
msh.org			any_of	PUBH		citizenlab	1
msn.com			any_of	SRCH		citizenlab	1
mstdn.io			any_of	GRP		citizenlab	1
mstdn.jp			any_of	GRP		citizenlab	1
muckrock.com			any_of	NEWS		citizenlab	1
muhammadanism.com			any_of	REL		citizenlab	1
mullvad.net	mullvad		any_of	ANON		citizenlab	1
multiproxy.org			any_of	ANON		citizenlab	1
musixmatch.com			any_of	CULTR		citizenlab	1
myspace.com			any_of	GRP		citizenlab	1
mytrans.com.tw			any_of	COMT		citizenlab	1
namecheap.com			any_of	HOST		citizenlab	1
namecoin.org			any_of	ANON		citizenlab	1
naral.org			any_of	HUMR		citizenlab	1
nasa.gov			any_of	ENV		citizenlab	1
nato.int			any_of	IGO		citizenlab	1
nature.org			any_of	ENV		citizenlab	1
navy.mil			any_of	GOVT		citizenlab	1
nazarene.org			any_of	REL		citizenlab	1
nbc.com			any_of	NEWS		citizenlab	1
nbcnews.com			any_of	NEWS		citizenlab	1
nbcnewyork.com			any_of	PUBH		citizenlab	1
ncac.org			any_of	HUMR		citizenlab	1
nclrights.org			any_of	LGBT		citizenlab	1
ndi.org			any_of	POLR		citizenlab	1
ned.org			any_of	HUMR		citizenlab	1
neilalexander.s3.dualstack.eu-west-2.amazonaws.com			any_of	ANON		citizenlab	1
neonjoint.com			any_of	ALDR		citizenlab	1
netaddress.com			any_of	COMT		citizenlab	1
netflix.com	netflix		any_of	MMED		citizenlab	1
newalbumreleases.net			any_of	FILE		citizenlab	1
newnownext.com			any_of	LGBT		citizenlab	1
nextstrain.org			any_of	PUBH		citizenlab	1
nifty.org			any_of	LGBT		citizenlab	1
ning.com			any_of	GRP		citizenlab	1
njal.la			any_of	ANON		citizenlab	1
nmap.org			any_of	HACK		citizenlab	1
nmrc.org			any_of	HACK		citizenlab	1
no-ip.com			any_of	HOST		citizenlab	1
noblogs.org			any_of	HOST		citizenlab	1
nordvpn.com	nordvpn		any_of	ANON		citizenlab	1
norml.org			any_of	ALDR		citizenlab	1
nostr.com			any_of	COMT		citizenlab	1
nostraightnews.com			any_of	LGBT		citizenlab	1
notesnook.com			any_of	FILE		citizenlab	1
now.org			any_of	HUMR		citizenlab	1
nsa.gov			any_of	GOVT		citizenlab	1
nsdapao.info			any_of	HATE		citizenlab	1
nsw2u.com			any_of	FILE		citizenlab	1
ntc.party			any_of	GRP		citizenlab	1
ntv.ru			any_of	NEWS		citizenlab	1
nypost.com			any_of	NEWS		citizenlab	1
nytimes.com			any_of	NEWS		citizenlab	1
oas.org			any_of	HUMR		citizenlab	1
obsproject.com			any_of	MMED		citizenlab	1
oca.org			any_of	REL		citizenlab	1
occrp.org			any_of	POLR		citizenlab	1
oceanconservancy.org			any_of	ENV		citizenlab	1
odysee.com			any_of	MMED		citizenlab	1
ohchr.org			any_of	HUMR		citizenlab	1
ohmynews.com			any_of	NEWS		citizenlab	1
oic-oci.org			any_of	REL		citizenlab	1
oicc.org			any_of	REL		citizenlab	1
oikoumene.org			any_of	REL		citizenlab	1
okcupid.com			any_of	DATE		citizenlab	1
om.org			any_of	REL		citizenlab	1
omct.org			any_of	HUMR		citizenlab	1
on-instant.com			any_of	COMT		citizenlab	1
oneworld.net			any_of	HUMR		citizenlab	1
onionshare.org			any_of	ANON		citizenlab	1
online-dating.org			any_of	DATE		citizenlab	1
online-translator.com			any_of	COMT		citizenlab	1
onlinegambling.com			any_of	GMB		citizenlab	1
onlybingo.com			any_of	GMB		citizenlab	1
onlyfans.com			any_of	PORN		citizenlab	1
ooni.github.io			any_of	HOST		citizenlab	1
ooni.io			any_of	HUMR		citizenlab	1
ooni.org			any_of	HUMR		citizenlab	2
oovoo.com			any_of	MMED		citizenlab	1
opec.org			any_of	IGO		citizenlab	1
openai.com			any_of	SRCH		citizenlab	1
opendns.com	opendns		any_of	ANON		citizenlab	1
opendns/resolver	opendns	resolver	any_of	HOST	Cisco OpenDNS resolver (doh.opendns.com); the marketing site stays on opendns.com.	curated	1
opennet.net			any_of	HUMR		citizenlab	1
openpgp.org			any_of	ANON		citizenlab	1
opensocietyfoundations.org			any_of	POLR		citizenlab	1
openstreetmap.org			any_of	SRCH		citizenlab	1
opentech.fund			any_of	HUMR		citizenlab	1
openverse.org			any_of	FILE		citizenlab	1
openvpn.net	openvpn		any_of	ANON		citizenlab	1
openwrt.org			any_of	MISC		citizenlab	1
opera.com			any_of	FILE		citizenlab	2
opioids.com			any_of	ALDR		citizenlab	1
opportunity.org			any_of	ECON		citizenlab	1
orangewebsite.com			any_of	HOST		citizenlab	1
orbot.app			any_of	ANON		citizenlab	1
origin.com			any_of	GAME		citizenlab	1
originalelf.com			any_of	MILX		citizenlab	1
orthodoxconvert.info			any_of	REL		citizenlab	1
osce.org			any_of	NEWS		citizenlab	1
ou.org			any_of	HUMR		citizenlab	1
ourworldindata.org			any_of	NEWS		citizenlab	1
out.com			any_of	LGBT		citizenlab	1
outrightinternational.org			any_of	LGBT		citizenlab	1
overdrive.com			any_of	CULTR		citizenlab	1
oxfam.org			any_of	ECON		citizenlab	1
packetstormsecurity.com			any_of	HACK		citizenlab	1
pacom.mil			any_of	GOVT		citizenlab	1
paganpride.org			any_of	REL		citizenlab	1
paltalk.com			any_of	COMT		citizenlab	1
panda.org			any_of	ENV		citizenlab	1
pandora.com			any_of	MMED		citizenlab	1
panties.com			any_of	PROV		citizenlab	1
paralink.com			any_of	COMT		citizenlab	1
paralleleconomy.com			any_of	COMM		citizenlab	1
paranoici.org			any_of	ANON		citizenlab	1
partypoker.com			any_of	GMB		citizenlab	1
partypoker.net			any_of	GMB		citizenlab	1
pastebin.com			any_of	HOST		citizenlab	1
patreon.com			any_of	GRP		citizenlab	1
paypal.com			any_of	COMM		citizenlab	1
pc2call.com			any_of	COMM		citizenlab	1
pcgamer.com			any_of	GAME		citizenlab	1
pcusa.org			any_of	HUMR		citizenlab	1
peacefire.org			any_of	ANON		citizenlab	1
people.com.cn			any_of	NEWS		citizenlab	1
persecution.org			any_of	REL		citizenlab	1
peta.org			any_of	ENV		citizenlab	1
peta.xxx			any_of	ENV		citizenlab	1
petside.com			any_of	ENV		citizenlab	1
pflag.org			any_of	LGBT		citizenlab	1
phenoelit.org			any_of	HACK		citizenlab	1
photobucket.com			any_of	MMED		citizenlab	1
phrack.org			any_of	HACK		citizenlab	1
pi-dns.com			any_of	HOST		citizenlab	1
pinboard.in			any_of	MMED		citizenlab	1
pingomatic.com			any_of	HOST		citizenlab	1
pinimg.com			any_of	GRP		citizenlab	2
pinkcupid.com			any_of	LGBT		citizenlab	1
pinknews.co.uk			any_of	LGBT		citizenlab	1
pinterest.com			any_of	MMED		citizenlab	1
piratenpartei.ch			any_of	POLR		citizenlab	1
pirateparty.org.au			any_of	POLR		citizenlab	1
piratpartiet.se			any_of	POLR		citizenlab	1
pixelfed.social			any_of	GRP		citizenlab	1
plan-uk.org			any_of	ECON		citizenlab	1
plancpills.org			any_of	XED		citizenlab	1
planetromeo.com			any_of	LGBT		citizenlab	1
plannedparenthood.org			any_of	XED		citizenlab	1
playboy.com			any_of	PORN		citizenlab	1
plus.im			any_of	GRP		citizenlab	1
pmi.com			any_of	ALDR		citizenlab	1
pof.com			any_of	DATE		citizenlab	1
pogo.com			any_of	GAME		citizenlab	1
poker.com			any_of	GMB		citizenlab	1
pokerstars.com			any_of	GMB		citizenlab	1
pornhub.com			any_of	PORN		citizenlab	1
posteo.de			any_of	COMT		citizenlab	1
postimage.io			any_of	MMED		citizenlab	1
postmaster.co.uk			any_of	COMT		citizenlab	1
pravda.ru			any_of	NEWS		citizenlab	1
premaritalsex.info			any_of	XED		citizenlab	1
presearch.com			any_of	SRCH		citizenlab	1
presearch.org			any_of	SRCH		citizenlab	1
pridemedia.com			any_of	LGBT		citizenlab	1
pridesource.com			any_of	LGBT		citizenlab	1
prism-break.org			any_of	ANON		citizenlab	1
privacidade.digital			any_of	ANON		citizenlab	1
privacyinternational.org			any_of	HUMR		citizenlab	1
privacytools.io			any_of	HUMR		citizenlab	1
privateinternetaccess.com			any_of	ANON		citizenlab	1
privaterra.org			any_of	HUMR		citizenlab	1
privatevpn.com			any_of	ANON		citizenlab	1
privex.io			any_of	HOST		citizenlab	1
progressio.org.uk			any_of	ECON		citizenlab	1
projectbaseline.com			any_of	PUBH		citizenlab	1
projectveritas.com			any_of	NEWS		citizenlab	1
prolife.com			any_of	XED		citizenlab	1
propublica.org			any_of	NEWS		citizenlab	1
protectioninternational.org			any_of	HUMR		citizenlab	1
protest.net			any_of	HUMR		citizenlab	1
proton/website	proton	website	any_of	COMT	proton.me web apps and account.	curated	4
protonvpn.ch			any_of	ANON		citizenlab	1
protonvpn.com	proton		any_of	ANON		citizenlab	1
proxify.com			any_of	ANON		citizenlab	1
proxy.org			any_of	ANON		citizenlab	1
prq.se			any_of	HOST		citizenlab	1
psiphon.ca	psiphon		any_of	ANON		citizenlab	1
pubg.com			any_of	GAME		citizenlab	1
pubnub.com			any_of	GRP		citizenlab	1
purdue.edu			any_of	FILE		citizenlab	1
purevpn.com			any_of	ANON		citizenlab	1
put.io			any_of	FILE		citizenlab	1
pythonhosted.org			any_of	FILE		citizenlab	1
qhnews.com			any_of	NEWS		citizenlab	1
qhtyzx.com			any_of	NEWS		citizenlab	1
quad9/resolver	quad9	resolver	any_of	HOST	Quad9 public DNS (9.9.9.9), DoH/DoT/UDP.	curated	3
queernet.org			any_of	LGBT		citizenlab	1
queerty.com			any_of	LGBT		citizenlab	1
quora.com			any_of	GRP		citizenlab	1
quoracdn.net			any_of	GRP		citizenlab	2
quran.com			any_of	REL		citizenlab	1
rackspace.com			any_of	HOST		citizenlab	1
radicalparty.org			any_of	HUMR		citizenlab	1
radiofreel.github.io			any_of	ANON		citizenlab	1
radiofreel.gitlab.io			any_of	ANON		citizenlab	1
radiofreetexas.com			any_of	CULTR		citizenlab	1
railfan.net			any_of	MMED		citizenlab	1
rambler.ru			any_of	NEWS		citizenlab	1
ran.org			any_of	ENV		citizenlab	1
rapidgator.net			any_of	FILE		citizenlab	1
rarbg.to			any_of	FILE		citizenlab	1
rargb.to			any_of	FILE		citizenlab	1
rbf.org			any_of	ECON		citizenlab	1
realbeer.com			any_of	ALDR		citizenlab	1
rebellion.global			any_of	ENV		citizenlab	1
reclaimthenet.org			any_of	NEWS		citizenlab	1
reddit/shortener	reddit	shortener	any_of	GRP	redd.it short links.	curated	1
reddit/static_cdn	reddit	cdn	any_of	GRP	redditstatic.com assets.	curated	1
reddit/website	reddit	website	any_of	NEWS	reddit.com.	curated	1
redditmedia.com			any_of	GRP		citizenlab	1
refugeesinternational.org			any_of	HUMR		citizenlab	1
reliefweb.int			any_of	HUMR		citizenlab	1
ren.tv			any_of	NEWS		citizenlab	1
reproductiverights.org			any_of	HUMR		citizenlab	1
reprolegalhelpline.org			any_of	HUMR		citizenlab	1
repubblica.com			any_of	NEWS		citizenlab	1
rescue.org			any_of	HUMR		citizenlab	1
researchgate.net			any_of	CULTR		citizenlab	1
reuters.com			any_of	NEWS		citizenlab	1
rfa.org			any_of	NEWS		citizenlab	1
rferl.org			any_of	NEWS		citizenlab	1
rfi.fr			any_of	NEWS		citizenlab	1
ria.ru			any_of	NEWS		citizenlab	1
riftgame.com			any_of	GAME		citizenlab	1
righttodie.ca			any_of	HUMR		citizenlab	1
riot.im	element		any_of	COMT		citizenlab	1
riseup.net	riseup		any_of	ANON		citizenlab	2
riverbelle.com			any_of	GMB		citizenlab	1
rki.de			any_of	PUBH		citizenlab	1
roblox.com			any_of	GAME		citizenlab	1
rockstargames.com			any_of	GAME		citizenlab	1
rollingstone.com			any_of	CULTR		citizenlab	1
rollitup.org			any_of	ALDR		citizenlab	1
rootcanary.net			any_of	CTRL		citizenlab	5
royalvegas.com			any_of	GMB		citizenlab	1
rsf.org			any_of	HUMR		citizenlab	1
rt.com			any_of	NEWS		citizenlab	1
rtarabic.com			any_of	NEWS		citizenlab	1
rtr-planeta.com			any_of	NEWS		citizenlab	1
rumble.com			any_of	MMED		citizenlab	1
runescape.com			any_of	GAME		citizenlab	1
russia.tv			any_of	NEWS		citizenlab	1
rutgers.edu			any_of	HUMR		citizenlab	1
rutube.ru			any_of	HOST		citizenlab	1
rxmarijuana.com			any_of	ALDR		citizenlab	1
s3.amazonaws.com			any_of	ANON		citizenlab	1
safervpn.com			any_of	ANON		citizenlab	1
sakhr.com			any_of	COMT		citizenlab	1
salvationarmy.org			any_of	REL		citizenlab	1
samesexmarriage.ca			any_of	LGBT		citizenlab	1
satp.org			any_of	MILX		citizenlab	1
savefrom.net			any_of	FILE		citizenlab	1
savethechildren.net			any_of	HUMR		citizenlab	1
sbc.net			any_of	REL		citizenlab	1
sbs.com.au			any_of	NEWS		citizenlab	1
scarleteen.com			any_of	XED		citizenlab	1
schwarzreport.org			any_of	CULTR		citizenlab	1
sci-hub.se			any_of	FILE		citizenlab	1
scientology.org			any_of	REL		citizenlab	1
scmp.com			any_of	PUBH		citizenlab	1
scribd.com			any_of	FILE		citizenlab	1
scruff.com			any_of	LGBT		citizenlab	1
sdf.org			any_of	GRP		citizenlab	1
sea-watch.org			any_of	HUMR		citizenlab	1
sealswcc.com			any_of	GOVT		citizenlab	1
search.com			any_of	SRCH		citizenlab	1
searchindia.com			any_of	SRCH		citizenlab	1
secfirst.org			any_of	HUMR		citizenlab	2
seclists.org			any_of	HACK		citizenlab	1
secondlife.com			any_of	GRP		citizenlab	1
securenym.net			any_of	COMT		citizenlab	1
securevpn.com			any_of	ANON		citizenlab	1
securevpn.im			any_of	ANON		citizenlab	1
securityinabox.org			any_of	ANON		citizenlab	1
secuser.com			any_of	ANON		citizenlab	1
sendspace.com			any_of	MMED		citizenlab	1
sendthisfile.com			any_of	MMED		citizenlab	1
sentry.io			any_of	CTRL		citizenlab	2
serials.ws			any_of	FILE		citizenlab	1
sex.com			any_of	PORN		citizenlab	1
sexandu.ca			any_of	XED		citizenlab	1
sexedlibrary.org			any_of	XED		citizenlab	1
sexetc.org			any_of	XED		citizenlab	1
sfsi.org			any_of	XED		citizenlab	1
shadowsocks.org			any_of	ANON		citizenlab	1
shamash.org			any_of	REL		citizenlab	1
shazam.com			any_of	CULTR		citizenlab	1
shia.org			any_of	REL		citizenlab	1
shinto.org			any_of	REL		citizenlab	1
shoe.org			any_of	LGBT		citizenlab	1
shroomery.org			any_of	ALDR		citizenlab	1
sida.se			any_of	ECON		citizenlab	1
siecus.org			any_of	XED		citizenlab	1
sierraclub.org			any_of	ENV		citizenlab	1
signal/cdn	signal	cdn	all_of		Attachment CDNs (cdn.signal.org, cdn2.signal.org, ...).	nettest	0
signal/chat	signal	chat	all_of		Signal's main chat service. chat.signal.org today, textsecure-service.whispersystems.org historically.	nettest	0
signal/directory	signal	directory	all_of		Contact discovery. cdsi.signal.org today, api.directory.signal.org historically.	nettest	0
signal/sfu	signal	sfu	all_of		sfu.voip.signal.org, the calling relay.	nettest	0
signal/storage	signal	storage	all_of		storage.signal.org, encrypted account storage.	nettest	0
signal/uptime	signal	uptime	all_of		uptime.signal.org, the status endpoint.	nettest	0
signal/website	signal	website	any_of	COMT	signal.org; the app endpoints under it stay on signal/* via exact/pattern.	curated	1
simplelogin.io			any_of	COMT		citizenlab	1
sina.com.cn			any_of	SRCH		citizenlab	1
sipa.be			any_of	COMM		citizenlab	1
skiff.com			any_of	FILE		citizenlab	1
skype.com	skype		any_of	COMT		citizenlab	1
slack-edge.com	slack		any_of	COMT		citizenlab	1
slack-imgs.com			any_of	COMT		citizenlab	1
slack.com	slack		any_of	COMT		citizenlab	3
slashdot.org			any_of	NEWS		citizenlab	1
slate.com			any_of	NEWS		citizenlab	1
slideshare.net			any_of	MMED		citizenlab	1
slotland.com			any_of	GMB		citizenlab	1
slsknet.org			any_of	FILE		citizenlab	1
smotrim.ru			any_of	NEWS		citizenlab	1
snapchat.com			any_of	COMT		citizenlab	1
soccerstreamshd.com			any_of	MMED		citizenlab	1
soccerway.com			any_of	CULTR		citizenlab	1
socom.mil			any_of	GOVT		citizenlab	1
solar-aid.org			any_of	ENV		citizenlab	1
soundcloud.com			any_of	CULTR		citizenlab	1
sourceforge.net			any_of	ANON		citizenlab	2
southcom.mil			any_of	GOVT		citizenlab	1
spark.com			any_of	DATE		citizenlab	1
speeddater.co.uk			any_of	DATE		citizenlab	1
speedify.com			any_of	ANON		citizenlab	1
spideroak.com			any_of	MMED		citizenlab	1
spiegel.de			any_of	LGBT		citizenlab	1
spinpalace.com			any_of	GMB		citizenlab	1
sportingbet.com			any_of	GMB		citizenlab	1
sportsinteraction.com			any_of	GMB		citizenlab	1
spotify.com	spotify		any_of	CULTR		citizenlab	1
sputnikglobe.com			any_of	NEWS		citizenlab	1
sputniknews.cn			any_of	NEWS		citizenlab	1
sputniknews.com			any_of	NEWS		citizenlab	1
spys.one			any_of	ANON		citizenlab	1
square-enix.com			any_of	GAME		citizenlab	1
srhrforall.org			any_of	XED		citizenlab	1
sstatic.net			any_of	HOST		citizenlab	1
stackexchange.com			any_of	HOST		citizenlab	1
stackoverflow.com			any_of	HOST		citizenlab	1
standardnotes.com			any_of	FILE		citizenlab	1
starlink.com			any_of	ANON		citizenlab	1
startmail.com			any_of	COMT		citizenlab	1
startpage.com			any_of	SRCH		citizenlab	1
state.gov			any_of	HUMR		citizenlab	1
status.im			any_of	COMT		citizenlab	1
stealthchat.com			any_of	COMT		citizenlab	1
steampowered.com			any_of	GAME		citizenlab	1
stonewall.org.uk			any_of	LGBT		citizenlab	1
stopstreetharassment.org			any_of	HUMR		citizenlab	1
stratcom.mil			any_of	GOVT		citizenlab	1
strongvpn.com			any_of	ANON		citizenlab	1
submission.org			any_of	REL		citizenlab	1
subscene.com			any_of	CULTR		citizenlab	1
subscribestar.com			any_of	MMED		citizenlab	1
substack.com			any_of	NEWS		citizenlab	1
surfeasy.com			any_of	ANON		citizenlab	1
surfshark.com			any_of	ANON		citizenlab	1
survive.org.uk			any_of	XED		citizenlab	1
swift.org			any_of	HACK		citizenlab	1
systranbox.com			any_of	COMT		citizenlab	1
tacticaltech.org			any_of	HUMR		citizenlab	1
tails.net			any_of	ANON		citizenlab	1
tailscale.com			any_of	FILE		citizenlab	2
talkyou.me			any_of	COMT		citizenlab	1
tamtam.chat			any_of	COMT		citizenlab	1
tango.me			any_of	MMED		citizenlab	1
tanzil.net			any_of	REL		citizenlab	1
tawk.to			any_of	COMT		citizenlab	1
tdov.org			any_of	LGBT		citizenlab	1
technorati.com			any_of	HOST		citizenlab	1
ted.com			any_of	NEWS		citizenlab	1
teenhealthfx.com			any_of	XED		citizenlab	1
teensource.org			any_of	XED		citizenlab	1
telegra.ph			any_of	HOST		citizenlab	1
telegram/dc_pool	telegram	dc_pool	any_of		Telegram datacentre access points, probed by IP. They are redundant fallbacks, so the app works if any one is reachable.	nettest	0
telegram/links	telegram	shortener	any_of	MILX	telegram.me invite/profile links.	curated	2
telegram/web	telegram	web	all_of		web.telegram.org, the browser client.	nettest	0
telegram/website	telegram	website	any_of	COMT	telegram.org; web.telegram.org stays on telegram/web.	curated	1
telegraph.co.uk			any_of	NEWS		citizenlab	1
terredeshommes.nl			any_of	HUMR		citizenlab	1
test-ipv6.com			any_of	COMT		citizenlab	1
tetaneutral.net			any_of	FILE		citizenlab	1
textra.me			any_of	COMT		citizenlab	1
theatlantic.com			any_of	NEWS		citizenlab	1
theepochtimes.com			any_of	NEWS		citizenlab	1
thegailygrind.com			any_of	LGBT		citizenlab	1
thegeekdiary.com			any_of	HACK		citizenlab	1
theglobalfund.org			any_of	PUBH		citizenlab	1
theglobalobservatory.org			any_of	LGBT		citizenlab	1
thegooddrugsguide.com			any_of	ALDR		citizenlab	1
theguardian.com			any_of	NEWS		citizenlab	1
thehackernews.com			any_of	HACK		citizenlab	1
thehiddenwiki.org			any_of	MISC		citizenlab	1
theintercept.com			any_of	NEWS		citizenlab	1
themwl.org			any_of	REL		citizenlab	1
thenationalcampaign.org			any_of	XED		citizenlab	1
theonion.com			any_of	CULTR		citizenlab	1
thepiratebay.org	thepiratebay		any_of	FILE		citizenlab	1
therapytribe.com			any_of	PUBH		citizenlab	1
theregister.co.uk			any_of	NEWS		citizenlab	1
thetrevorproject.org			any_of	LGBT		citizenlab	1
threema.ch			any_of	ANON		citizenlab	1
tialsoft.com			any_of	COMT		citizenlab	1
tiktok/cdn	tiktok	cdn	any_of		tiktokcdn.com media CDN.	curated	0
tiktok/website	tiktok	website	any_of	GRP	tiktok.com.	curated	1
timcast.com			any_of	NEWS		citizenlab	1
timeout.com			any_of	CULTR		citizenlab	1
tinder.com			any_of	DATE		citizenlab	1
tinyurl.com			any_of	HOST		citizenlab	1
tmz.com			any_of	CULTR		citizenlab	1
tobacco.org			any_of	ALDR		citizenlab	1
topdrawers.com			any_of	PROV		citizenlab	1
tor/website	tor	website	any_of	ANON	torproject.org.	curated	3
torah.org			any_of	REL		citizenlab	1
totaljerkface.com			any_of	GAME		citizenlab	1
towleroad.com			any_of	LGBT		citizenlab	1
transequality.org			any_of	LGBT		citizenlab	1
transferbigfiles.com			any_of	MMED		citizenlab	1
translate.ru			any_of	COMT		citizenlab	1
translated.net			any_of	CULTR		citizenlab	1
transparency.org			any_of	POLR		citizenlab	1
transsexual.org			any_of	LGBT		citizenlab	1
transwhiz.com			any_of	COMT		citizenlab	1
trashy.com			any_of	PROV		citizenlab	1
trello.com			any_of	COMT		citizenlab	1
trendsmap.com			any_of	GRP		citizenlab	1
triller.co			any_of	GRP		citizenlab	1
trisquel.info			any_of	HACK		citizenlab	1
truecaller.com			any_of	COMT		citizenlab	1
trustvpn.me			any_of	ANON		citizenlab	1
truthnet.org			any_of	REL		citizenlab	1
tsroadmap.com			any_of	LGBT		citizenlab	1
tu-dresden.de			any_of	ANON		citizenlab	1
tumblr.com	tumblr		any_of	XED		citizenlab	2
tunnelbear.com	tunnelbear		any_of	ANON		citizenlab	1
turbobit.net			any_of	HOST		citizenlab	1
tuta.com			any_of	COMT		citizenlab	1
tvc.ru			any_of	NEWS		citizenlab	1
twitch.tv	twitch		any_of	MMED		citizenlab	1
twitter/cdn	twitter	cdn	any_of	GRP	twimg.com media/static CDN.	curated	3
twitter/shortener	twitter	shortener	any_of	HOST	t.co link shortener.	curated	1
twitter/website	twitter	website	any_of	POLR	twitter.com, now x.com.	curated	3
tx.me			any_of	COMT		citizenlab	1
typepad.com			any_of	HOST		citizenlab	1
tyt.com			any_of	NEWS		citizenlab	1
u4.no			any_of	POLR		citizenlab	1
uber.com			any_of	COMM		citizenlab	1
ubisoft.com			any_of	GAME		citizenlab	1
ubuntu.com			any_of	HACK		citizenlab	3
ucc.org			any_of	REL		citizenlab	1
ucsusa.org			any_of	ENV		citizenlab	1
uea.org			any_of	CULTR		citizenlab	1
ultimate-anonymity.com			any_of	ANON		citizenlab	1
ultimatebirthcontrol.com			any_of	XED		citizenlab	1
ultrasurf.us			any_of	ANON		citizenlab	1
umass.edu			any_of	ANON		citizenlab	1
umc.org			any_of	REL		citizenlab	1
umn.edu			any_of	HUMR		citizenlab	1
un.int			any_of	IGO		citizenlab	1
un.org			any_of	IGO		citizenlab	1
unaids.org			any_of	PUBH		citizenlab	1
undp.org			any_of	IGO		citizenlab	1
unep.org			any_of	ENV		citizenlab	1
unesco.org			any_of	IGO		citizenlab	1
unfe.org			any_of	LGBT		citizenlab	1
unfpa.org			any_of	HUMR		citizenlab	1
unhcr.org			any_of	HUMR		citizenlab	2
unicef.org			any_of	HUMR		citizenlab	1
unlockme.co.uk			any_of	HACK		citizenlab	1
unpo.org			any_of	HUMR		citizenlab	1
untappd.com			any_of	GRP		citizenlab	1
unwatch.org			any_of	HUMR		citizenlab	1
unwomen.org			any_of	HUMR		citizenlab	2
upci.org			any_of	REL		citizenlab	1
uphold.com			any_of	COMM		citizenlab	1
uproxy.org			any_of	ANON		citizenlab	1
urduvoa.com			any_of	NEWS		citizenlab	1
url,category_code,category_description,date_added,source,notes			any_of			citizenlab	1
usaid.gov			any_of	ECON		citizenlab	1
usatoday.com			any_of	NEWS		citizenlab	1
uscg.mil			any_of	GOVT		citizenlab	1
ushareit.com			any_of	MMED		citizenlab	1
ushmm.org			any_of	CULTR		citizenlab	1
utorrent.com			any_of	FILE		citizenlab	1
uw.edu			any_of	PUBH		citizenlab	1
valence.community			any_of	GRP		citizenlab	1
vanguardnewsnetwork.com			any_of	HATE		citizenlab	1
vatican.va			any_of	REL		citizenlab	1
vector.im			any_of	COMT		citizenlab	1
venus.com			any_of	PROV		citizenlab	1
veoh.com			any_of	MMED		citizenlab	1
veracrypt.fr			any_of	ANON		citizenlab	1
vesselthefilm.com			any_of	XED		citizenlab	1
vesti.ru			any_of	NEWS		citizenlab	1
vgtrk.ru			any_of	NEWS		citizenlab	1
vho.org			any_of	HATE		citizenlab	1
vibe.com			any_of	CULTR		citizenlab	1
viber.com	viber		any_of	COMT		citizenlab	1
vice.com			any_of	NEWS		citizenlab	1
victoriassecret.com			any_of	PROV		citizenlab	1
videolan.org			any_of	FILE		citizenlab	1
vimeo.com	vimeo		any_of	MMED		citizenlab	1
vk.com	vk		any_of	NEWS		citizenlab	1
voanews.com			any_of	NEWS		citizenlab	1
vonage.com			any_of	COMT		citizenlab	1
vpngate.net			any_of	ANON		citizenlab	1
vpnunlimited.com			any_of	ANON		citizenlab	1
vyke.com			any_of	COMT		citizenlab	1
w3schools.com			any_of	CULTR		citizenlab	1
walmart.com			any_of	COMM		citizenlab	1
warchild.net			any_of	HUMR		citizenlab	1
wasabiwallet.io			any_of	ECON		citizenlab	1
washingtonpost.com			any_of	NEWS		citizenlab	1
washingtontimes.com			any_of	NEWS		citizenlab	1
wcicc.org			any_of	REL		citizenlab	1
wearechange.org			any_of	NEWS		citizenlab	1
webbox.com			any_of	COMT		citizenlab	1
weblogs.us			any_of	HOST		citizenlab	1
wechat.com	wechat		any_of	COMT		citizenlab	2
wedo.org			any_of	HUMR		citizenlab	1
weebly.com			any_of	HOST		citizenlab	1
weedmaps.com			any_of	ALDR		citizenlab	1
weforum.org			any_of	IGO		citizenlab	2
weibo.com			any_of	GRP		citizenlab	1
well.com			any_of	LGBT		citizenlab	1
westernunion.com			any_of	COMM		citizenlab	1
wfp.org			any_of	IGO		citizenlab	1
wfrtds.org			any_of	HUMR		citizenlab	1
wftucentral.org			any_of	HUMR		citizenlab	1
whatsapp/endpoints	whatsapp	endpoints	any_of		The eN.whatsapp.net server pool. The spec treats WhatsApp as blocked only when every endpoint in the pool fails.	nettest	0
whatsapp/media_cdn	whatsapp	cdn	any_of	COMT	whatsapp.net media/upload hosts (mmg, pps, media.*); the e<N> chat pool stays on whatsapp/endpoints via pattern.	curated	5
whatsapp/registration	whatsapp	registration	all_of		v.whatsapp.net, the registration service.	nettest	0
whatsapp/shortener	whatsapp	shortener	any_of		wa.me click-to-chat links.	curated	0
whatsapp/web	whatsapp	web	all_of		web.whatsapp.com, the browser client.	nettest	0
whatsapp/website	whatsapp	website	any_of	COMT	whatsapp.com marketing site; web.whatsapp.com stays on whatsapp/web.	curated	1
whitepages.com			any_of	COMT		citizenlab	1
who.int			any_of	PUBH		citizenlab	1
wickr.com			any_of	ANON		citizenlab	1
wiesenthal.com			any_of	HUMR		citizenlab	1
wikia.com			any_of	HOST		citizenlab	1
wikidata.org	wikimedia		any_of	CULTR		citizenlab	2
wikihow.com			any_of	CULTR		citizenlab	1
wikileaks.org			any_of	POLR		citizenlab	1
wikimapia.org			any_of	CULTR		citizenlab	1
wikimedia/website	wikimedia	website	any_of	CULTR	wikimedia.org, including upload.wikimedia.org media.	curated	3
wikipedia/website	wikipedia	website	any_of	CULTR	wikipedia.org, all language editions.	curated	16
wiktionary.org	wikimedia		any_of	CULTR		citizenlab	1
wilpf.org			any_of	HUMR		citizenlab	1
winespectator.com			any_of	ALDR		citizenlab	1
wire.com	wire		any_of	COMT		citizenlab	2
witness.org			any_of	HUMR		citizenlab	1
wix.com			any_of	HOST		citizenlab	1
wizards.com			any_of	GAME		citizenlab	1
wkkf.org			any_of	ECON		citizenlab	1
wluml.org			any_of	HUMR		citizenlab	1
wmtransfer.com			any_of	COMM		citizenlab	1
wnd.com			any_of	NEWS		citizenlab	1
womenhelp.org			any_of	XED		citizenlab	1
womeninblack.org			any_of	HUMR		citizenlab	1
womenonwaves.org			any_of	HUMR		citizenlab	1
womenonweb.org			any_of	HUMR		citizenlab	1
womensmediacenter.com			any_of	HUMR		citizenlab	1
wordpress.com			any_of	HOST		citizenlab	1
wordpress.org			any_of	HOST		citizenlab	1
wordreference.com			any_of	COMT		citizenlab	1
worldbank.org			any_of	ENV		citizenlab	2
worldcoalition.org			any_of	HUMR		citizenlab	1
worldhealth.net			any_of	PUBH		citizenlab	1
worldjewishcongress.org			any_of	REL		citizenlab	1
worldofwarcraft.com			any_of	GAME		citizenlab	1
worldometers.info			any_of	PUBH		citizenlab	1
worldpulse.com			any_of	GRP		citizenlab	1
worldsingles.com			any_of	DATE		citizenlab	1
worldwildlife.org			any_of	ENV		citizenlab	1
write.as			any_of	HOST		citizenlab	1
wsj.com			any_of	NEWS		citizenlab	1
wupj.org			any_of	REL		citizenlab	1
www.gov.uk			any_of	GOVT		citizenlab	1
x1337x.eu			any_of	FILE		citizenlab	1
xanga.com			any_of	HOST		citizenlab	1
xbox.com			any_of	GAME		citizenlab	1
xda-developers.com			any_of	HOST		citizenlab	1
xe.com			any_of	COMM		citizenlab	1
xenu.net			any_of	REL		citizenlab	1
xhamster.com			any_of	PORN		citizenlab	1
xinhuanet.com			any_of	NEWS		citizenlab	1
xinjiang.gov.cn			any_of	GOVT		citizenlab	1
xnxx.com			any_of	PORN		citizenlab	1
xroxy.com			any_of	ANON		citizenlab	1
xvideos.com			any_of	PORN		citizenlab	1
xxlmag.com			any_of	CULTR		citizenlab	1
y2mate.com			any_of	MMED		citizenlab	1
ya.ru			any_of	SRCH		citizenlab	1
yahoo.com			any_of	COMT		citizenlab	2
yandex.com	yandex		any_of	COMT		citizenlab	1
yandex.net	yandex		any_of	SRCH		citizenlab	3
yandex.ru	yandex		any_of	COMT		citizenlab	1
yandexwebcache.net			any_of	SRCH		citizenlab	1
yelp.com			any_of	GRP		citizenlab	1
yggdrasil-network.github.io			any_of	ANON		citizenlab	1
ymca.int			any_of	REL		citizenlab	1
yola.com			any_of	HOST		citizenlab	1
youporn.com			any_of	PORN		citizenlab	1
youtube/shortener	youtube	shortener	any_of		youtu.be short links.	curated	0
youtube/static_cdn	youtube	cdn	any_of	HOST	ytimg.com thumbnails and static assets.	curated	1
youtube/video_cdn	youtube	cdn	any_of		googlevideo.com video delivery; blocking it breaks playback while youtube.com still loads.	curated	0
youtube/website	youtube	website	any_of	POLR	youtube.com.	curated	1
yts.lt			any_of	FILE		citizenlab	1
yts.mx			any_of	FILE		citizenlab	1
yubo.live			any_of	GRP		citizenlab	1
z-lib.org			any_of	FILE		citizenlab	1
zanzu.nl			any_of	XED		citizenlab	1
zeit.de			any_of	NEWS		citizenlab	1
zenvpn.net			any_of	ANON		citizenlab	1
zoho.com			any_of	FILE		citizenlab	1
zone-h.org			any_of	HACK		citizenlab	1
zoom.us	zoom		any_of	COMT		citizenlab	2
zoomshare.com			any_of	HOST		citizenlab	1
zzn.com			any_of	COMT		citizenlab	1
